﻿Quelle:;"Bayerisches Landesamt für Umwelt, www.gkd.bayern.de"
Datenbankabfrage:;"20.11.2024 10:47"
Zeitbezug:;MEZ
Messstellen-Name:;Sylvenstein
Messstellen-Nr.:;16002500
Gewässer:;Isar
Ostwert:;691534;Nordwert:;5274023;"ETRS89 / UTM Zone 32N"
Pegelnullpunktshöhe:;"719,95 m NHN (DHHN2016)"

"Tageswerte Wasserstand [cm]"
Datum;Mittelwert;Maximum;Minimum;Prüfstatus
2024-11-01;242,00;242,00;242,00;Rohdaten
2024-11-02;242,00;242,00;242,00;Rohdaten
2024-11-03;242,00;242,00;242,00;Rohdaten
2024-11-04;241,00;242,00;240,00;Rohdaten
2024-11-05;240,00;241,00;240,00;Rohdaten
2024-11-06;240,00;241,00;240,00;Rohdaten
2024-11-07;240,00;241,00;240,00;Rohdaten
2024-11-08;240,00;242,00;240,00;Rohdaten
2024-11-09;240,00;240,00;240,00;Rohdaten
2024-11-10;240,00;241,00;240,00;Rohdaten
2024-11-11;240,00;242,00;238,00;Rohdaten
2024-11-12;241,00;242,00;240,00;Rohdaten
2024-11-13;240,00;240,00;240,00;Rohdaten
2024-11-14;240,00;242,00;240,00;Rohdaten
2024-11-15;240,00;241,00;240,00;Rohdaten
2024-11-16;240,00;240,00;240,00;Rohdaten
2024-11-17;240,00;240,00;240,00;Rohdaten
2024-11-18;240,00;242,00;240,00;Rohdaten
2024-11-19;240,00;240,00;240,00;Rohdaten
