﻿Quelle:;"Bayerisches Landesamt für Umwelt, www.gkd.bayern.de"
Datenbankabfrage:;"19.11.2024 18:15"
Zeitbezug:;MEZ
Messstellen-Name:;München
Messstellen-Nr.:;16005701
Gewässer:;Isar
Ostwert:;693161;Nordwert:;5335716;"ETRS89 / UTM Zone 32N"
Pegelnullpunktshöhe:;"500,33 m NHN (DHHN2016)"

"Tageswerte Wasserstand [cm]"
Datum;Mittelwert;Maximum;Minimum;Prüfstatus
2024-11-01;116,00;123,00;110,00;Rohdaten
2024-11-02;109,00;112,00;105,00;Rohdaten
2024-11-03;108,00;112,00;104,00;Rohdaten
2024-11-04;111,00;115,00;104,00;Rohdaten
2024-11-05;115,00;121,00;108,00;Rohdaten
2024-11-06;115,00;119,00;112,00;Rohdaten
2024-11-07;114,00;118,00;110,00;Rohdaten
2024-11-08;112,00;121,00;107,00;Rohdaten
2024-11-09;106,00;108,00;102,00;Rohdaten
2024-11-10;102,00;107,00;99,00;Rohdaten
2024-11-11;102,00;103,00;100,00;Rohdaten
2024-11-12;105,00;110,00;101,00;Rohdaten
2024-11-13;104,00;107,00;100,00;Rohdaten
2024-11-14;101,00;106,00;98,00;Rohdaten
2024-11-15;99,00;102,00;97,00;Rohdaten
2024-11-16;97,00;100,00;95,00;Rohdaten
2024-11-17;96,00;98,00;94,00;Rohdaten
2024-11-18;94,00;96,00;92,00;Rohdaten
