﻿Quelle:;"Bayerisches Landesamt für Umwelt, www.gkd.bayern.de"
Datenbankabfrage:;"19.11.2024 18:26"
Zeitbezug:;MEZ
Messstellen-Name:;München
Messstellen-Nr.:;16005701
Gewässer:;Isar
Ostwert:;693161;Nordwert:;5335716;"ETRS89 / UTM Zone 32N"
Pegelnullpunktshöhe:;"500,33 m NHN (DHHN2016)"

Zeitpunkt;"Schwebstoff-Konzentration [g/m^3]";Prüfstatus;"Schwebstoff-Fracht [t]";Prüfstatus;"Schwebstoff-Abtrag [t/m^2]";Prüfstatus;"Schwebstoff-Transport [kg/s]";Prüfstatus
2024-01-01;9,24;Rohdaten;72,07;Rohdaten;0,03;Rohdaten;0,83;Rohdaten
2024-01-02;9,23;Rohdaten;70,89;Rohdaten;0,03;Rohdaten;0,82;Rohdaten
2024-01-03;9,22;Rohdaten;71,57;Rohdaten;0,03;Rohdaten;0,83;Rohdaten
2024-01-04;9,15;Rohdaten;62,32;Rohdaten;0,02;Rohdaten;0,72;Rohdaten
2024-01-05;9,02;Rohdaten;56,51;Rohdaten;0,02;Rohdaten;0,65;Rohdaten
2024-01-06;8,89;Rohdaten;60,28;Rohdaten;0,02;Rohdaten;0,70;Rohdaten
2024-01-07;9,80;Rohdaten;73,63;Rohdaten;0,03;Rohdaten;0,85;Rohdaten
2024-01-08;8,72;Rohdaten;59,58;Rohdaten;0,02;Rohdaten;0,69;Rohdaten
2024-01-09;9,04;Rohdaten;63,41;Rohdaten;0,02;Rohdaten;0,73;Rohdaten
2024-01-10;8,62;Rohdaten;54,52;Rohdaten;0,02;Rohdaten;0,63;Rohdaten
2024-01-11;8,54;Rohdaten;42,50;Rohdaten;0,02;Rohdaten;0,49;Rohdaten
2024-01-12;8,43;Rohdaten;33,56;Rohdaten;0,01;Rohdaten;0,39;Rohdaten
2024-01-13;8,52;Rohdaten;36,02;Rohdaten;0,01;Rohdaten;0,42;Rohdaten
2024-01-14;8,41;Rohdaten;28,84;Rohdaten;0,01;Rohdaten;0,33;Rohdaten
2024-01-15;8,39;Rohdaten;27,31;Rohdaten;0,01;Rohdaten;0,32;Rohdaten
2024-01-16;8,49;Rohdaten;28,25;Rohdaten;0,01;Rohdaten;0,33;Rohdaten
2024-01-17;8,56;Rohdaten;31,26;Rohdaten;0,01;Rohdaten;0,36;Rohdaten
2024-01-18;8,62;Rohdaten;37,49;Rohdaten;0,01;Rohdaten;0,43;Rohdaten
2024-01-19;8,85;Rohdaten;53,00;Rohdaten;0,02;Rohdaten;0,61;Rohdaten
2024-01-20;8,56;Rohdaten;41,80;Rohdaten;0,02;Rohdaten;0,48;Rohdaten
2024-01-21;8,38;Rohdaten;31,07;Rohdaten;0,01;Rohdaten;0,36;Rohdaten
2024-01-22;8,70;Rohdaten;28,85;Rohdaten;0,01;Rohdaten;0,33;Rohdaten
2024-01-23;8,81;Rohdaten;29,49;Rohdaten;0,01;Rohdaten;0,34;Rohdaten
2024-01-24;8,99;Rohdaten;38,79;Rohdaten;0,01;Rohdaten;0,45;Rohdaten
2024-01-25;19,98;Rohdaten;330,49;Rohdaten;0,12;Rohdaten;3,83;Rohdaten
2024-01-26;774,61;Rohdaten;15278,47;Rohdaten;5,38;Rohdaten;176,83;Rohdaten
2024-01-27;131,43;Rohdaten;2351,29;Rohdaten;0,83;Rohdaten;27,21;Rohdaten
2024-01-28;12,76;Rohdaten;178,98;Rohdaten;0,06;Rohdaten;2,07;Rohdaten
2024-01-29;10,91;Rohdaten;109,39;Rohdaten;0,04;Rohdaten;1,27;Rohdaten
2024-01-30;10,23;Rohdaten;93,49;Rohdaten;0,03;Rohdaten;1,08;Rohdaten
2024-01-31;9,98;Rohdaten;89,05;Rohdaten;0,03;Rohdaten;1,03;Rohdaten
2024-02-01;9,76;Rohdaten;72,11;Rohdaten;0,03;Rohdaten;0,84;Rohdaten
2024-02-02;9,54;Rohdaten;64,22;Rohdaten;0,02;Rohdaten;0,74;Rohdaten
2024-02-03;9,33;Rohdaten;46,56;Rohdaten;0,02;Rohdaten;0,54;Rohdaten
2024-02-04;9,20;Rohdaten;34,95;Rohdaten;0,01;Rohdaten;0,41;Rohdaten
2024-02-05;9,17;Rohdaten;36,13;Rohdaten;0,01;Rohdaten;0,42;Rohdaten
2024-02-06;9,47;Rohdaten;48,09;Rohdaten;0,02;Rohdaten;0,56;Rohdaten
2024-02-07;9,29;Rohdaten;49,13;Rohdaten;0,02;Rohdaten;0,57;Rohdaten
2024-02-08;9,34;Rohdaten;58,12;Rohdaten;0,02;Rohdaten;0,67;Rohdaten
2024-02-09;9,39;Rohdaten;56,81;Rohdaten;0,02;Rohdaten;0,66;Rohdaten
2024-02-10;9,19;Rohdaten;55,56;Rohdaten;0,02;Rohdaten;0,64;Rohdaten
2024-02-11;9,15;Rohdaten;58,37;Rohdaten;0,02;Rohdaten;0,68;Rohdaten
2024-02-12;9,22;Rohdaten;61,87;Rohdaten;0,02;Rohdaten;0,72;Rohdaten
2024-02-13;9,12;Rohdaten;58,34;Rohdaten;0,02;Rohdaten;0,68;Rohdaten
2024-02-14;9,01;Rohdaten;54,37;Rohdaten;0,02;Rohdaten;0,63;Rohdaten
2024-02-15;9,17;Rohdaten;51,49;Rohdaten;0,02;Rohdaten;0,60;Rohdaten
2024-02-16;9,12;Rohdaten;57,21;Rohdaten;0,02;Rohdaten;0,66;Rohdaten
2024-02-17;9,09;Rohdaten;62,56;Rohdaten;0,02;Rohdaten;0,72;Rohdaten
2024-02-18;9,29;Rohdaten;70,47;Rohdaten;0,03;Rohdaten;0,82;Rohdaten
2024-02-19;9,13;Rohdaten;62,96;Rohdaten;0,02;Rohdaten;0,73;Rohdaten
2024-02-20;10,12;Rohdaten;99,07;Rohdaten;0,04;Rohdaten;1,15;Rohdaten
2024-02-21;9,67;Rohdaten;83,80;Rohdaten;0,03;Rohdaten;0,97;Rohdaten
2024-02-22;10,02;Rohdaten;78,34;Rohdaten;0,03;Rohdaten;0,91;Rohdaten
2024-02-23;9,77;Rohdaten;68,37;Rohdaten;0,02;Rohdaten;0,79;Rohdaten
2024-02-24;9,48;Rohdaten;66,30;Rohdaten;0,02;Rohdaten;0,77;Rohdaten
2024-02-25;9,21;Rohdaten;61,23;Rohdaten;0,02;Rohdaten;0,71;Rohdaten
2024-02-26;9,24;Rohdaten;61,30;Rohdaten;0,02;Rohdaten;0,71;Rohdaten
2024-02-27;9,53;Rohdaten;53,96;Rohdaten;0,02;Rohdaten;0,63;Rohdaten
2024-02-28;9,27;Rohdaten;53,08;Rohdaten;0,02;Rohdaten;0,61;Rohdaten
2024-02-29;9,00;Rohdaten;50,90;Rohdaten;0,02;Rohdaten;0,59;Rohdaten
2024-03-01;9,07;Rohdaten;55,05;Rohdaten;0,02;Rohdaten;0,64;Rohdaten
2024-03-02;8,97;Rohdaten;43,31;Rohdaten;0,02;Rohdaten;0,50;Rohdaten
2024-03-03;9,01;Rohdaten;35,55;Rohdaten;0,01;Rohdaten;0,41;Rohdaten
2024-03-04;9,50;Rohdaten;39,98;Rohdaten;0,01;Rohdaten;0,46;Rohdaten
2024-03-05;9,08;Rohdaten;51,48;Rohdaten;0,02;Rohdaten;0,60;Rohdaten
2024-03-06;9,16;Rohdaten;60,44;Rohdaten;0,02;Rohdaten;0,70;Rohdaten
2024-03-07;9,36;Rohdaten;77,37;Rohdaten;0,03;Rohdaten;0,90;Rohdaten
2024-03-08;9,09;Rohdaten;64,27;Rohdaten;0,02;Rohdaten;0,74;Rohdaten
2024-03-09;9,00;Rohdaten;44,99;Rohdaten;0,02;Rohdaten;0,52;Rohdaten
2024-03-10;9,12;Rohdaten;43,31;Rohdaten;0,02;Rohdaten;0,50;Rohdaten
2024-03-11;9,24;Rohdaten;48,03;Rohdaten;0,02;Rohdaten;0,56;Rohdaten
2024-03-12;9,27;Rohdaten;46,32;Rohdaten;0,02;Rohdaten;0,54;Rohdaten
2024-03-13;9,20;Rohdaten;52,17;Rohdaten;0,02;Rohdaten;0,60;Rohdaten
2024-03-14;9,46;Rohdaten;43,89;Rohdaten;0,02;Rohdaten;0,51;Rohdaten
2024-03-15;9,80;Rohdaten;36,07;Rohdaten;0,01;Rohdaten;0,42;Rohdaten
2024-03-16;9,75;Rohdaten;35,33;Rohdaten;0,01;Rohdaten;0,41;Rohdaten
2024-03-17;9,81;Rohdaten;37,68;Rohdaten;0,01;Rohdaten;0,44;Rohdaten
2024-03-18;10,02;Rohdaten;35,93;Rohdaten;0,01;Rohdaten;0,42;Rohdaten
2024-03-19;9,91;Rohdaten;50,78;Rohdaten;0,02;Rohdaten;0,59;Rohdaten
2024-03-20;10,06;Rohdaten;49,77;Rohdaten;0,02;Rohdaten;0,58;Rohdaten
2024-03-21;10,28;Rohdaten;38,65;Rohdaten;0,01;Rohdaten;0,45;Rohdaten
2024-03-22;10,30;Rohdaten;47,07;Rohdaten;0,02;Rohdaten;0,55;Rohdaten
2024-03-23;9,89;Rohdaten;52,04;Rohdaten;0,02;Rohdaten;0,60;Rohdaten
2024-03-24;9,75;Rohdaten;45,94;Rohdaten;0,02;Rohdaten;0,53;Rohdaten
2024-03-25;10,07;Rohdaten;40,41;Rohdaten;0,01;Rohdaten;0,47;Rohdaten
2024-03-26;10,35;Rohdaten;42,16;Rohdaten;0,02;Rohdaten;0,49;Rohdaten
2024-03-27;10,73;Rohdaten;42,70;Rohdaten;0,02;Rohdaten;0,49;Rohdaten
2024-03-28;10,58;Rohdaten;47,79;Rohdaten;0,02;Rohdaten;0,55;Rohdaten
2024-03-29;10,86;Rohdaten;47,88;Rohdaten;0,02;Rohdaten;0,55;Rohdaten
2024-03-30;12,20;Rohdaten;42,31;Rohdaten;0,02;Rohdaten;0,49;Rohdaten
2024-03-31;13,52;Rohdaten;43,91;Rohdaten;0,02;Rohdaten;0,51;Rohdaten
2024-04-01;14,35;Rohdaten;44,02;Rohdaten;0,02;Rohdaten;0,51;Rohdaten
2024-04-02;15,76;Rohdaten;47,23;Rohdaten;0,02;Rohdaten;0,55;Rohdaten
2024-04-03;16,28;Rohdaten;42,58;Rohdaten;0,02;Rohdaten;0,49;Rohdaten
2024-04-04;14,28;Rohdaten;41,36;Rohdaten;0,02;Rohdaten;0,48;Rohdaten
2024-04-05;8,97;Rohdaten;27,72;Rohdaten;0,01;Rohdaten;0,32;Rohdaten
2024-04-06;9,01;Rohdaten;29,12;Rohdaten;0,01;Rohdaten;0,34;Rohdaten
2024-04-07;9,06;Rohdaten;26,92;Rohdaten;0,01;Rohdaten;0,31;Rohdaten
2024-04-08;9,00;Rohdaten;28,51;Rohdaten;0,01;Rohdaten;0,33;Rohdaten
2024-04-09;9,09;Rohdaten;34,38;Rohdaten;0,01;Rohdaten;0,40;Rohdaten
2024-04-10;8,99;Rohdaten;32,33;Rohdaten;0,01;Rohdaten;0,37;Rohdaten
2024-04-11;8,82;Rohdaten;27,82;Rohdaten;0,01;Rohdaten;0,32;Rohdaten
2024-04-12;8,92;Rohdaten;27,14;Rohdaten;0,01;Rohdaten;0,31;Rohdaten
2024-04-13;8,76;Rohdaten;23,80;Rohdaten;0,01;Rohdaten;0,28;Rohdaten
2024-04-14;8,83;Rohdaten;22,98;Rohdaten;0,01;Rohdaten;0,27;Rohdaten
2024-04-15;8,94;Rohdaten;24,25;Rohdaten;0,01;Rohdaten;0,28;Rohdaten
2024-04-16;8,82;Rohdaten;27,41;Rohdaten;0,01;Rohdaten;0,32;Rohdaten
2024-04-17;8,91;Rohdaten;34,52;Rohdaten;0,01;Rohdaten;0,40;Rohdaten
2024-04-18;8,82;Rohdaten;43,67;Rohdaten;0,02;Rohdaten;0,51;Rohdaten
2024-04-19;8,93;Rohdaten;46,09;Rohdaten;0,02;Rohdaten;0,53;Rohdaten
2024-04-20;8,79;Rohdaten;46,10;Rohdaten;0,02;Rohdaten;0,53;Rohdaten
2024-04-21;8,84;Rohdaten;42,62;Rohdaten;0,02;Rohdaten;0,49;Rohdaten
2024-04-22;8,74;Rohdaten;43,37;Rohdaten;0,02;Rohdaten;0,50;Rohdaten
2024-04-23;9,35;Rohdaten;64,24;Rohdaten;0,02;Rohdaten;0,74;Rohdaten
2024-04-24;9,29;Rohdaten;63,19;Rohdaten;0,02;Rohdaten;0,73;Rohdaten
2024-04-25;9,96;Rohdaten;60,36;Rohdaten;0,02;Rohdaten;0,70;Rohdaten
2024-04-26;13,68;Rohdaten;80,39;Rohdaten;0,03;Rohdaten;0,93;Rohdaten
2024-04-27;19,37;Rohdaten;116,00;Rohdaten;0,04;Rohdaten;1,34;Rohdaten
2024-04-28;30,97;Rohdaten;208,14;Rohdaten;0,07;Rohdaten;2,41;Rohdaten
2024-04-29;50,86;Rohdaten;382,30;Rohdaten;0,14;Rohdaten;4,43;Rohdaten
2024-04-30;79,19;Rohdaten;628,10;Rohdaten;0,22;Rohdaten;7,27;Rohdaten
2024-05-01;95,47;Rohdaten;695,75;Rohdaten;0,25;Rohdaten;8,05;Rohdaten
2024-05-02;72,59;Rohdaten;405,47;Rohdaten;0,14;Rohdaten;4,69;Rohdaten
2024-05-03;74,47;Rohdaten;408,92;Rohdaten;0,14;Rohdaten;4,73;Rohdaten
2024-05-04;47,21;Rohdaten;290,12;Rohdaten;0,10;Rohdaten;3,36;Rohdaten
2024-05-05;48,48;Rohdaten;256,48;Rohdaten;0,09;Rohdaten;2,97;Rohdaten
2024-05-06;46,19;Rohdaten;247,80;Rohdaten;0,09;Rohdaten;2,87;Rohdaten
2024-05-07;11,47;Rohdaten;74,81;Rohdaten;0,03;Rohdaten;0,87;Rohdaten
2024-05-08;10,69;Rohdaten;98,56;Rohdaten;0,04;Rohdaten;1,14;Rohdaten
2024-05-09;12,58;Rohdaten;157,01;Rohdaten;0,06;Rohdaten;1,82;Rohdaten
2024-05-10;9,82;Rohdaten;82,76;Rohdaten;0,03;Rohdaten;0,96;Rohdaten
2024-05-11;9,48;Rohdaten;64,07;Rohdaten;0,02;Rohdaten;0,74;Rohdaten
2024-05-12;9,47;Rohdaten;56,75;Rohdaten;0,02;Rohdaten;0,66;Rohdaten
2024-05-13;9,42;Rohdaten;46,78;Rohdaten;0,02;Rohdaten;0,54;Rohdaten
2024-05-14;9,46;Rohdaten;44,23;Rohdaten;0,02;Rohdaten;0,51;Rohdaten
2024-05-15;9,51;Rohdaten;40,83;Rohdaten;0,01;Rohdaten;0,47;Rohdaten
2024-05-16;9,51;Rohdaten;35,11;Rohdaten;0,01;Rohdaten;0,41;Rohdaten
2024-05-17;9,56;Rohdaten;37,82;Rohdaten;0,01;Rohdaten;0,44;Rohdaten
2024-05-18;9,64;Rohdaten;42,85;Rohdaten;0,02;Rohdaten;0,50;Rohdaten
2024-05-19;9,51;Rohdaten;42,64;Rohdaten;0,02;Rohdaten;0,49;Rohdaten
2024-05-20;9,46;Rohdaten;39,69;Rohdaten;0,01;Rohdaten;0,46;Rohdaten
2024-05-21;9,76;Rohdaten;36,90;Rohdaten;0,01;Rohdaten;0,43;Rohdaten
2024-05-22;9,49;Rohdaten;47,83;Rohdaten;0,02;Rohdaten;0,55;Rohdaten
2024-05-23;9,75;Rohdaten;53,88;Rohdaten;0,02;Rohdaten;0,62;Rohdaten
2024-05-24;13,36;Rohdaten;106,29;Rohdaten;0,04;Rohdaten;1,23;Rohdaten
2024-05-25;10,04;Rohdaten;68,51;Rohdaten;0,02;Rohdaten;0,79;Rohdaten
2024-05-26;9,62;Rohdaten;46,75;Rohdaten;0,02;Rohdaten;0,54;Rohdaten
2024-05-27;9,81;Rohdaten;40,87;Rohdaten;0,01;Rohdaten;0,47;Rohdaten
2024-05-28;13,68;Rohdaten;164,37;Rohdaten;0,06;Rohdaten;1,90;Rohdaten
2024-05-29;13,96;Rohdaten;204,52;Rohdaten;0,07;Rohdaten;2,37;Rohdaten
2024-05-30;10,69;Rohdaten;118,29;Rohdaten;0,04;Rohdaten;1,37;Rohdaten
2024-05-31;10,78;Rohdaten;120,67;Rohdaten;0,04;Rohdaten;1,40;Rohdaten
2024-06-01;43,55;Rohdaten;1347,03;Rohdaten;0,48;Rohdaten;15,59;Rohdaten
2024-06-02;47,01;Rohdaten;1571,11;Rohdaten;0,55;Rohdaten;18,18;Rohdaten
2024-06-03;32,01;Rohdaten;940,11;Rohdaten;0,33;Rohdaten;10,88;Rohdaten
2024-06-04;246,55;Rohdaten;9502,73;Rohdaten;3,35;Rohdaten;109,99;Rohdaten
2024-06-05;253,78;Rohdaten;7333,23;Rohdaten;2,58;Rohdaten;84,88;Rohdaten
2024-06-06;253,89;Rohdaten;5392,27;Rohdaten;1,90;Rohdaten;62,41;Rohdaten
2024-06-07;253,93;Rohdaten;6682,90;Rohdaten;2,35;Rohdaten;77,35;Rohdaten
2024-06-08;253,95;Rohdaten;5772,38;Rohdaten;2,03;Rohdaten;66,81;Rohdaten
2024-06-09;253,99;Rohdaten;4747,12;Rohdaten;1,67;Rohdaten;54,94;Rohdaten
2024-06-10;253,93;Rohdaten;5711,82;Rohdaten;2,01;Rohdaten;66,11;Rohdaten
2024-06-11;253,89;Rohdaten;5003,74;Rohdaten;1,76;Rohdaten;57,91;Rohdaten
2024-06-12;253,84;Rohdaten;3694,31;Rohdaten;1,30;Rohdaten;42,76;Rohdaten
2024-06-13;253,82;Rohdaten;3307,21;Rohdaten;1,17;Rohdaten;38,28;Rohdaten
2024-06-14;256,21;Rohdaten;3226,47;Rohdaten;1,14;Rohdaten;37,34;Rohdaten
2024-06-15;258,50;Rohdaten;2945,08;Rohdaten;1,04;Rohdaten;34,09;Rohdaten
2024-06-16;260,48;Rohdaten;2505,05;Rohdaten;0,88;Rohdaten;28,99;Rohdaten
2024-06-17;259,98;Rohdaten;2749,90;Rohdaten;0,97;Rohdaten;31,83;Rohdaten
2024-06-18;264,72;Rohdaten;2909,50;Rohdaten;1,03;Rohdaten;33,68;Rohdaten
2024-06-19;264,23;Rohdaten;1972,79;Rohdaten;0,70;Rohdaten;22,83;Rohdaten
2024-06-20;265,40;Rohdaten;1595,88;Rohdaten;0,56;Rohdaten;18,47;Rohdaten
2024-06-21;262,30;Rohdaten;2164,36;Rohdaten;0,76;Rohdaten;25,05;Rohdaten
2024-06-22;257,55;Rohdaten;2499,81;Rohdaten;0,88;Rohdaten;28,93;Rohdaten
2024-06-23;248,63;Rohdaten;3359,48;Rohdaten;1,18;Rohdaten;38,88;Rohdaten
2024-06-24;280,55;Rohdaten;3287,09;Rohdaten;1,16;Rohdaten;38,05;Rohdaten
2024-06-25;278,57;Rohdaten;3942,63;Rohdaten;1,39;Rohdaten;45,63;Rohdaten
2024-06-26;287,22;Rohdaten;3981,98;Rohdaten;1,40;Rohdaten;46,09;Rohdaten
2024-06-27;288,97;Rohdaten;3353,21;Rohdaten;1,18;Rohdaten;38,81;Rohdaten
2024-06-28;294,36;Rohdaten;3089,40;Rohdaten;1,09;Rohdaten;35,76;Rohdaten
2024-06-29;286,40;Rohdaten;2603,44;Rohdaten;0,92;Rohdaten;30,13;Rohdaten
2024-06-30;280,88;Rohdaten;1985,96;Rohdaten;0,70;Rohdaten;22,99;Rohdaten
2024-07-01;272,28;Rohdaten;2015,91;Rohdaten;0,71;Rohdaten;23,33;Rohdaten
2024-07-02;271,23;Rohdaten;2704,93;Rohdaten;0,95;Rohdaten;31,31;Rohdaten
2024-07-03;267,91;Rohdaten;2570,01;Rohdaten;0,91;Rohdaten;29,75;Rohdaten
2024-07-04;270,74;Rohdaten;2658,90;Rohdaten;0,94;Rohdaten;30,77;Rohdaten
2024-07-05;267,98;Rohdaten;2453,23;Rohdaten;0,86;Rohdaten;28,39;Rohdaten
2024-07-06;264,37;Rohdaten;2337,63;Rohdaten;0,82;Rohdaten;27,06;Rohdaten
2024-07-07;271,87;Rohdaten;3290,21;Rohdaten;1,16;Rohdaten;38,08;Rohdaten
2024-07-08;279,43;Rohdaten;3425,96;Rohdaten;1,21;Rohdaten;39,65;Rohdaten
2024-07-09;275,67;Rohdaten;2792,90;Rohdaten;0,98;Rohdaten;32,33;Rohdaten
2024-07-10;277,58;Rohdaten;2641,06;Rohdaten;0,93;Rohdaten;30,57;Rohdaten
2024-07-11;271,78;Rohdaten;3343,49;Rohdaten;1,18;Rohdaten;38,70;Rohdaten
2024-07-12;276,37;Rohdaten;2817,58;Rohdaten;0,99;Rohdaten;32,61;Rohdaten
2024-07-13;273,27;Rohdaten;2992,06;Rohdaten;1,05;Rohdaten;34,63;Rohdaten
2024-07-14;278,30;Rohdaten;2409,13;Rohdaten;0,85;Rohdaten;27,88;Rohdaten
2024-07-15;1119,19;Rohdaten;7508,28;Rohdaten;2,65;Rohdaten;86,90;Rohdaten
2024-07-16;2000,86;Rohdaten;13624,41;Rohdaten;4,80;Rohdaten;157,69;Rohdaten
2024-07-17;2000,42;Rohdaten;12651,61;Rohdaten;4,46;Rohdaten;146,43;Rohdaten
2024-07-18;2000,53;Rohdaten;11867,87;Rohdaten;4,18;Rohdaten;137,36;Rohdaten
2024-07-19;2000,78;Rohdaten;11437,07;Rohdaten;4,03;Rohdaten;132,37;Rohdaten
2024-07-20;2000,51;Rohdaten;9253,58;Rohdaten;3,26;Rohdaten;107,10;Rohdaten
2024-07-21;2000,97;Rohdaten;6528,96;Rohdaten;2,30;Rohdaten;75,57;Rohdaten
2024-07-22;2000,41;Rohdaten;9042,07;Rohdaten;3,19;Rohdaten;104,65;Rohdaten
2024-07-23;2000,49;Rohdaten;12330,74;Rohdaten;4,34;Rohdaten;142,72;Rohdaten
2024-07-24;2000,71;Rohdaten;15249,55;Rohdaten;5,37;Rohdaten;176,50;Rohdaten
2024-07-25;2000,31;Rohdaten;17733,81;Rohdaten;6,25;Rohdaten;205,25;Rohdaten
2024-07-26;2000,84;Rohdaten;13127,06;Rohdaten;4,63;Rohdaten;151,93;Rohdaten
2024-07-27;2000,45;Rohdaten;10029,26;Rohdaten;3,53;Rohdaten;116,08;Rohdaten
2024-07-28;2000,71;Rohdaten;10487,59;Rohdaten;3,70;Rohdaten;121,38;Rohdaten
2024-07-29;1252,34;Rohdaten;6537,39;Rohdaten;2,30;Rohdaten;75,66;Rohdaten
2024-07-30;487,79;Rohdaten;2336,57;Rohdaten;0,82;Rohdaten;27,04;Rohdaten
2024-07-31;487,81;Rohdaten;2338,08;Rohdaten;0,82;Rohdaten;27,06;Rohdaten
2024-08-01;487,85;Rohdaten;2724,33;Rohdaten;0,96;Rohdaten;31,53;Rohdaten
2024-08-02;487,84;Rohdaten;2976,35;Rohdaten;1,05;Rohdaten;34,45;Rohdaten
2024-08-03;487,82;Rohdaten;2796,06;Rohdaten;0,99;Rohdaten;32,36;Rohdaten
2024-08-04;487,80;Rohdaten;2271,09;Rohdaten;0,80;Rohdaten;26,29;Rohdaten
2024-08-05;487,80;Rohdaten;2020,77;Rohdaten;0,71;Rohdaten;23,39;Rohdaten
2024-08-06;487,84;Rohdaten;2314,67;Rohdaten;0,82;Rohdaten;26,79;Rohdaten
2024-08-07;487,87;Rohdaten;2633,29;Rohdaten;0,93;Rohdaten;30,48;Rohdaten
2024-08-08;487,86;Rohdaten;2603,73;Rohdaten;0,92;Rohdaten;30,14;Rohdaten
2024-08-09;487,82;Rohdaten;2246,77;Rohdaten;0,79;Rohdaten;26,00;Rohdaten
2024-08-10;487,86;Rohdaten;1768,37;Rohdaten;0,62;Rohdaten;20,47;Rohdaten
2024-08-11;487,91;Rohdaten;1522,72;Rohdaten;0,54;Rohdaten;17,62;Rohdaten
2024-08-12;487,95;Rohdaten;1532,38;Rohdaten;0,54;Rohdaten;17,74;Rohdaten
2024-08-13;487,97;Rohdaten;1792,18;Rohdaten;0,63;Rohdaten;20,74;Rohdaten
2024-08-14;487,96;Rohdaten;2059,00;Rohdaten;0,73;Rohdaten;23,83;Rohdaten
2024-08-15;487,95;Rohdaten;3047,19;Rohdaten;1,07;Rohdaten;35,27;Rohdaten
2024-08-16;487,95;Rohdaten;2042,66;Rohdaten;0,72;Rohdaten;23,64;Rohdaten
2024-08-17;487,97;Rohdaten;1933,74;Rohdaten;0,68;Rohdaten;22,38;Rohdaten
2024-08-18;487,88;Rohdaten;2036,14;Rohdaten;0,72;Rohdaten;23,57;Rohdaten
2024-08-19;487,77;Rohdaten;5318,12;Rohdaten;1,87;Rohdaten;61,55;Rohdaten
2024-08-20;487,72;Rohdaten;5121,56;Rohdaten;1,80;Rohdaten;59,28;Rohdaten
2024-08-21;481,78;Rohdaten;3787,38;Rohdaten;1,33;Rohdaten;43,84;Rohdaten
