﻿Quelle:;"Bayerisches Landesamt für Umwelt, www.gkd.bayern.de"
Datenbankabfrage:;"19.11.2024 18:24"
Zeitbezug:;MEZ
Messstellen-Name:;München
Messstellen-Nr.:;16005701
Gewässer:;Isar
Ostwert:;693170;Nordwert:;5335733;"ETRS89 / UTM Zone 32N"

"Tageswerte Wassertemperatur [°C]"
Datum;Mittelwert;Maximum;Minimum;Prüfstatus
2024-11-01;11,7;12,1;11,4;Rohdaten
2024-11-02;10,9;11,7;10,7;Rohdaten
2024-11-03;10,5;10,7;10,4;Rohdaten
2024-11-04;10,6;10,8;10,5;Rohdaten
2024-11-05;10,5;10,8;10,3;Rohdaten
2024-11-06;10,2;10,6;9,8;Rohdaten
2024-11-07;10,3;10,6;10,2;Rohdaten
2024-11-08;10,0;10,3;9,9;Rohdaten
2024-11-09;9,8;10,0;9,7;Rohdaten
2024-11-10;9,8;10,0;9,7;Rohdaten
2024-11-11;9,4;9,8;9,3;Rohdaten
2024-11-12;9,2;9,3;9,0;Rohdaten
2024-11-13;8,7;9,0;8,5;Rohdaten
2024-11-14;8,5;8,8;8,3;Rohdaten
2024-11-15;8,7;8,9;8,6;Rohdaten
2024-11-16;8,3;8,7;8,1;Rohdaten
2024-11-17;7,9;8,1;7,8;Rohdaten
2024-11-18;8,2;8,5;7,9;Rohdaten
